Titles,Runtime,User Rating,Metascore,Genre,Gross,Votes
American Sniper,133 min,7.3,72,Action,$936.66M,"937,675"
Star Wars: Episode VII - The Force Awakens,138 min,7.8,80,Action,$858.37M,"1,147,894"
Avengers: Endgame,181 min,8.4,78,Action,$760.51M,"1,322,510"
Avatar,162 min,7.9,83,Action,$700.06M,"785,631"
Black Panther,134 min,7.3,88,Action,$678.82M,"1,095,131"
Avengers: Infinity War,149 min,8.4,68,Action,$652.27M,"649,302"
Jurassic World,124 min,6.9,59,Action,$623.28M,"1,400,165"
The Avengers,143 min,8,69,Action,$620.18M,"638,868"
Star Wars: Episode VIII - The Last Jedi,152 min,6.9,84,Action,$608.58M,"302,694"
Incredibles 2,118 min,7.6,80,Animation,$543.64M,"249,206"
The Lion King,118 min,6.8,55,Animation,$534.86M,"2,675,291"
The Dark Knight,152 min,9,84,Action,$532.18M,"647,212"
Rogue One: A Star Wars Story,133 min,7.8,65,Action,$515.20M,"458,056"
Star Wars: Episode IX - The Rise of Skywalker,141 min,6.5,53,Action,$504.01M,"314,409"
Beauty and the Beast,129 min,7.1,65,Adventure,$486.30M,"281,540"
Finding Dory,97 min,7.3,77,Animation,$477.37M,"177,186"
Frozen II,103 min,6.8,64,Animation,$459.01M,"872,154"
Avengers: Age of Ultron,141 min,7.3,66,Action,$448.14M,"1,717,751"
The Dark Knight Rises,164 min,8.4,78,Action,$436.47M,"472,443"
Shrek 2,93 min,7.3,75,Animation,$434.04M,"255,947"
Toy Story 4,100 min,7.7,84,Animation,$426.83M,"567,825"
Captain Marvel,123 min,6.8,64,Action,$424.67M,"672,262"
The Hunger Games: Catching Fire,146 min,7.5,76,Action,$423.32M,"727,127"
Pirates of the Caribbean: Dead Man's Chest,151 min,7.3,53,Action,$417.72M,"321,869"
Jurassic World: Fallen Kingdom,128 min,6.1,51,Action,$415.00M,"843,238"
Toy Story 3,103 min,8.3,92,Animation,$412.56M,"665,275"
Wonder Woman,141 min,7.4,76,Action,$409.01M,"858,089"
Iron Man 3,130 min,7.1,62,Action,$408.08M,"797,045"
Captain America: Civil War,147 min,7.8,75,Action,$408.01M,"927,427"
The Hunger Games,142 min,7.2,68,Action,$404.52M,"388,531"
Jumanji: Welcome to the Jungle,119 min,6.9,58,Action,$403.71M,"826,044"
Spider-Man,121 min,7.4,73,Action,$402.11M,"411,343"
Transformers: Revenge of the Fallen,149 min,5.9,35,Action,$400.74M,"632,000"
Frozen,102 min,7.4,75,Animation,$390.53M,"502,101"
Spider-Man: Far from Home,129 min,7.4,69,Action,$389.81M,"690,714"
Guardians of the Galaxy Vol. 2,136 min,7.6,67,Action,$381.01M,"885,383"
Harry Potter and the Deathly Hallows: Part 2,130 min,8.1,85,Adventure,$380.84M,"1,052,329"
Finding Nemo,100 min,8.2,90,Animation,$380.26M,"799,919"
Star Wars: Episode III - Revenge of the Sith,140 min,7.6,68,Action,$377.85M,"1,860,224"
The Lord of the Rings: The Return of the King,201 min,9,94,Action,$373.59M,"661,501"
Spider-Man 2,127 min,7.4,83,Action,$370.78M,"234,200"
The Passion of the Christ,127 min,7.2,47,Drama,$368.38M,"205,724"
The Secret Life of Pets,87 min,6.5,61,Animation,$368.06M,"405,473"
Despicable Me 2,98 min,7.3,62,Animation,$364.00M,"280,638"
The Jungle Book,106 min,7.4,77,Adventure,$363.07M,"1,048,968"
Deadpool,108 min,8,65,Action,$356.46M,"722,520"
Inside Out,95 min,8.2,94,Animation,$355.56M,"270,796"
Aladdin,128 min,6.9,53,Adventure,$353.01M,"394,560"
Furious 7,137 min,7.1,67,Action,$352.39M,"413,800"
Transformers: Dark of the Moon,154 min,6.2,42,Action,$350.13M,"495,027"
Shrek,90 min,7.9,84,Animation,$342.55M,"1,679,682"
The Lord of the Rings: The Two Towers,179 min,8.8,87,Action,$341.27M,"506,528"
Zootopia,108 min,8,78,Animation,$337.14M,"462,453"
The Hunger Games: Mockingjay - Part 1,123 min,6.6,64,Action,$336.53M,"598,416"
Spider-Man 3,139 min,6.3,59,Action,$336.05M,"243,175"
Minions,91 min,6.4,56,Animation,$335.45M,"1,310,447"
Joker,122 min,8.4,59,Crime,$335.06M,"481,491"
Aquaman,143 min,6.8,55,Action,$334.20M,"666,161"
Spider-Man: Homecoming,133 min,7.4,73,Action,$334.19M,"420,668"
Alice in Wonderland,108 min,6.4,53,Adventure,$333.18M,"1,189,833"
Guardians of the Galaxy,121 min,8,76,Action,$330.36M,"705,134"
Batman v Superman: Dawn of Justice,151 min,6.4,44,Action,$327.48M,"557,650"
It,135 min,7.3,69,Horror,$325.10M,"692,039"
Suicide Squad,123 min,5.9,40,Action,$324.59M,"591,577"
Deadpool 2,119 min,7.7,66,Action,$320.71M,"313,383"
Shrek the Third,93 min,6.1,58,Animation,$319.25M,"644,791"
Transformers,144 min,7,61,Action,$318.41M,"1,067,896"
Iron Man,126 min,7.9,79,Action,$317.58M,"792,358"
Harry Potter and the Sorcerer's Stone,152 min,7.6,65,Adventure,$317.10M,"460,042"
Indiana Jones and the Kingdom of the Crystal Skull,122 min,6.2,65,Action,$316.83M,"256,686"
Jumanji: The Next Level,123 min,6.7,58,Action,$315.54M,"1,889,583"
The Lord of the Rings: The Fellowship of the Ring,178 min,8.8,92,Action,$315.06M,"761,679"
Thor: Ragnarok,130 min,7.9,74,Action,$312.43M,"825,434"
Iron Man 2,124 min,6.9,57,Action,$310.68M,"718,991"
Star Wars: Episode II - Attack of the Clones,142 min,6.6,54,Action,$309.42M,"658,731"
Pirates of the Caribbean: At World's End,169 min,7.1,50,Action,$305.41M,"1,137,274"
Pirates of the Caribbean: The Curse of the Black Pearl,143 min,8.1,63,Action,$304.36M,"703,304"
Skyfall,143 min,7.8,81,Action,$303.00M,"835,716"
The Hobbit: An Unexpected Journey,169 min,7.8,58,Fantasy,$301.96M,"553,984"
Harry Potter and the Half-Blood Prince,153 min,7.6,78,Action,$300.53M,"249,596"
The Twilight Saga: Eclipse,124 min,5,58,Action,$296.62M,"288,188"
The Twilight Saga: New Moon,130 min,4.7,44,Adventure,$295.98M,"557,640"
Harry Potter and the Deathly Hallows: Part 1,146 min,7.7,65,Adventure,$293.00M,"1,053,131"
Up,96 min,8.3,88,Animation,$292.58M,"2,373,470"
Inception,148 min,8.8,74,Action,$292.30M,"252,281"
The Twilight Saga: Breaking Dawn - Part 2,115 min,5.5,52,Adventure,$292.00M,"590,767"
Harry Potter and the Order of the Phoenix,138 min,7.5,71,Action,$291.71M,"405,152"
"The Chronicles of Narnia: The Lion, the Witch and the Wardrobe",143 min,6.9,75,Adventure,$291.05M,"777,926"
Man of Steel,143 min,7.1,55,Action,$290.01M,"636,011"
Harry Potter and the Goblet of Fire,157 min,7.7,81,Adventure,$289.92M,"918,026"
"Monsters, Inc.",92 min,8.1,79,Animation,$281.72M,"333,863"
The Hunger Games: Mockingjay - Part 2,137 min,6.5,65,Action,$281.49M,"600,979"
The Matrix Reloaded,138 min,7.2,62,Action,$281.29M,"243,970"
The Twilight Saga: Breaking Dawn - Part 1,117 min,4.9,45,Adventure,$279.26M,"275,252"
Meet the Fockers,115 min,6.3,41,Comedy,$277.32M,"794,801"
The Hangover,100 min,7.7,73,Comedy,$274.09M,"833,245"
Gravity,91 min,7.7,96,Drama,$270.62M,"76,929"
The Grinch,85 min,6.4,51,Animation,$270.40M,"174,729"
Sing,108 min,7.1,59,Animation,$268.49M,"365,629"
Monsters University,104 min,7.2,65,Animation,$267.67M,"687,692"
How to Train Your Dragon,98 min,8.1,75,Animation,$264.62M,"139,460"
Despicable Me 3,89 min,6.2,49,Animation,$262.03M,"663,368"
The Amazing Spider-Man,136 min,6.9,66,Action,$261.99M,"645,167"
Harry Potter and the Chamber of Secrets,161 min,7.4,63,Adventure,$261.44M,"747,293"
The Incredibles,115 min,8,90,Animation,$260.04M,"266,229"
How the Grinch Stole Christmas,104 min,6.3,46,Comedy,$259.77M,"854,113"
Captain America: The Winter Soldier,136 min,7.8,70,Action,$258.37M,"671,117"
The Hobbit: The Desolation of Smaug,161 min,7.8,66,Fantasy,$257.76M,"361,281"
The Lego Movie,100 min,7.7,83,Animation,$257.73M,"607,000"
Star Trek,127 min,7.9,82,Action,$256.39M,"768,173"
I Am Legend,101 min,7.2,65,Action,$255.96M,"338,135"
The Blind Side,129 min,7.6,53,Biography,$255.12M,"540,280"
The Hobbit: The Battle of the Five Armies,144 min,7.4,59,Adventure,$254.46M,"506,863"
The Hangover Part II,102 min,6.5,44,Comedy,$251.51M,"553,709"
Despicable Me,95 min,7.6,72,Animation,$250.86M,"355,394"
Night at the Museum,108 min,6.4,48,Adventure,$249.36M,"644,090"
Harry Potter and the Prisoner of Azkaban,142 min,7.9,82,Adventure,$248.76M,"342,991"
Moana,107 min,7.6,81,Animation,$245.44M,"317,923"
Transformers: Age of Extinction,165 min,5.6,32,Action,$244.08M,"429,802"
Cars,117 min,7.2,73,Animation,$242.83M,"410,469"
Bruce Almighty,101 min,6.8,46,Comedy,$241.44M,"134,904"
My Big Fat Greek Wedding,95 min,6.6,62,Comedy,$241.41M,"381,233"
Maleficent,97 min,6.9,56,Adventure,$241.06M,"534,557"
Pirates of the Caribbean: On Stranger Tides,136 min,6.6,45,Action,$238.68M,"398,716"
Fast & Furious 6,130 min,7,61,Action,$238.37M,"210,357"
Shrek Forever After,95 min,6.3,58,Animation,$237.28M,"417,786"
Brave,93 min,7.1,69,Animation,$234.91M,"209,779"
Oz the Great and Powerful,130 min,6.3,44,Adventure,$234.36M,"522,090"
X-Men: The Last Stand,104 min,6.6,58,Action,$234.28M,"454,574"
War of the Worlds,116 min,6.5,73,Action,$234.04M,"481,919"
Fantastic Beasts and Where to Find Them,132 min,7.2,66,Adventure,$233.92M,"718,339"
X-Men: Days of Future Past,132 min,7.9,75,Action,$233.63M,"600,014"
Cast Away,143 min,7.8,73,Adventure,$232.64M,"751,932"
Doctor Strange,115 min,7.5,72,Action,$229.02M,"457,627"
Justice League,120 min,6.1,45,Action,$228.78M,"486,511"
Star Trek Into Darkness,132 min,7.7,72,Action,$228.43M,"865,141"
The Martian,144 min,8,80,Adventure,$227.97M,"368,314"
Signs,106 min,6.8,59,Drama,$227.95M,"488,992"
Hancock,92 min,6.4,49,Action,$227.47M,"639,195"
The Bourne Ultimatum,115 min,8,85,Action,$226.28M,"772,759"
Logan,137 min,8.1,77,Action,$226.16M,"224,900"
Rush Hour 2,90 min,6.6,48,Action,$226.01M,"236,138"
The Fate of the Furious,136 min,6.6,56,Action,$223.81M,"1,125,552"
WALL·E,98 min,8.4,95,Animation,$222.53M,"468,301"
Big Hero 6,102 min,7.8,74,Animation,$220.16M,"338,290"
Mission: Impossible - Fallout,147 min,7.7,86,Action,$219.96M,"242,326"
National Treasure: Book of Secrets,124 min,6.5,48,Action,$219.61M,"50,640"
Alvin and the Chipmunks: The Squeakquel,88 min,4.5,41,Animation,$218.82M,"622,010"
Ted,106 min,6.9,62,Comedy,$218.08M,"428,791"
King Kong,187 min,7.2,81,Action,$217.58M,"748,499"
Dunkirk,106 min,7.8,94,Action,$217.54M,"438,706"
The Da Vinci Code,149 min,6.6,46,Mystery,$217.33M,"88,260"
Alvin and the Chipmunks,92 min,5.2,39,Animation,$216.65M,"410,209"
Ant-Man and the Wasp,118 min,7,70,Action,$216.43M,"546,310"
Bohemian Rhapsody,134 min,7.9,49,Biography,$216.39M,"185,641"
Madagascar 3: Europe's Most Wanted,93 min,6.8,60,Animation,$215.43M,"478,981"
Kung Fu Panda,92 min,7.6,74,Animation,$215.41M,"347,908"
Mission: Impossible II,123 min,6.1,59,Action,$215.29M,"390,775"
A Star Is Born,136 min,7.6,88,Drama,$214.95M,"555,690"
X2: X-Men United,134 min,7.4,68,Action,$214.03M,"116,785"
The Lorax,86 min,6.4,46,Animation,$213.77M,"353,432"
Solo: A Star Wars Story,135 min,6.9,62,Action,$213.52M,"493,611"
Venom,112 min,6.6,35,Action,$213.31M,"213,587"
Austin Powers in Goldmember,94 min,6.2,62,Action,$211.59M,"272,152"
It Chapter Two,169 min,6.5,58,Drama,$210.61M,"827,720"
300,117 min,7.6,52,Action,$209.84M,"385,914"
Fast Five,130 min,7.3,66,Action,$209.73M,"518,231"
Coco,105 min,8.4,81,Animation,$209.40M,"495,971"
Mission: Impossible - Ghost Protocol,132 min,7.4,73,Action,$209.22M,"361,226"
Wedding Crashers,119 min,7,64,Comedy,$209.03M,"641,094"
Sherlock Holmes,128 min,7.6,57,Action,$208.55M,"446,694"
Dawn of the Planet of the Apes,130 min,7.6,79,Action,$206.85M,"1,482,390"
Batman Begins,140 min,8.2,70,Action,$206.46M,"489,756"
Charlie and the Chocolate Factory,115 min,6.7,72,Adventure,$206.45M,"748,749"
Ratatouille,111 min,8.1,96,Animation,$206.36M,"690,168"
Thor: The Dark World,112 min,6.8,54,Action,$206.31M,"163,911"
Bad Boys for Life,124 min,6.5,59,Action,$202.85M,"504,861"
The Amazing Spider-Man 2,142 min,6.6,53,Action,$202.36M,"676,360"
World War Z,116 min,7,63,Action,$202.02M,"330,532"
The Mummy Returns,130 min,6.4,48,Action,$201.15M,"180,253"
Cinderella,105 min,6.9,67,Adventure,$201.09M,"165,487"
Ralph Breaks the Internet,112 min,7,71,Animation,$200.82M,"460,886"
Tangled,100 min,7.7,71,Animation,$200.68M,"418,461"
Godzilla,123 min,6.4,62,Action,$200.08M,"285,577"
Superman Returns,154 min,6.1,72,Action,$200.07M,"446,069"
Spectre,148 min,6.8,60,Action,$198.54M,"337,161"
Pearl Harbor,183 min,6.2,44,Action,$198.35M,"166,163"
Monsters vs. Aliens,94 min,6.4,56,Animation,$198.00M,"189,742"
Happy Feet,108 min,6.4,77,Animation,$196.57M,"249,812"
Ice Age: Dawn of the Dinosaurs,94 min,6.9,50,Animation,$195.33M,"282,526"
Ice Age: The Meltdown,91 min,6.8,59,Animation,$195.04M,"378,765"
Mission: Impossible - Rogue Nation,131 min,7.4,75,Action,$193.60M,"410,912"
Madagascar,86 min,6.9,57,Animation,$191.72M,"383,544"
22 Jump Street,112 min,7,71,Action,$191.47M,"467,228"
Twilight,122 min,5.3,56,Drama,$191.45M,"195,829"
Cars 2,106 min,6.2,57,Animation,$191.20M,"213,082"
Teenage Mutant Ninja Turtles,101 min,5.8,31,Action,$190.42M,"381,275"
Men in Black II,88 min,6.1,49,Action,$190.24M,"541,351"
Spider-Man: Into the Spider-Verse,117 min,8.4,87,Animation,$189.42M,"429,307"
Wreck-It Ralph,101 min,7.7,72,Animation,$188.37M,"669,642"
Hidden Figures,127 min,7.8,74,Biography,$188.02M,"538,868"
A Quiet Place,90 min,7.5,82,Drama,$188.02M,"1,858,984"
Interstellar,169 min,8.6,74,Adventure,$187.71M,"1,512,644"
Gladiator,155 min,8.5,67,Action,$187.17M,"219,043"
The Croods,98 min,7.2,55,Animation,$186.85M,"460,646"
Sherlock Holmes: A Game of Shadows,129 min,7.4,48,Action,$186.74M,"454,967"
The Day After Tomorrow,124 min,6.4,47,Action,$186.34M,"504,156"
Mr. & Mrs. Smith,120 min,6.5,55,Action,$184.30M,"160,425"
Pitch Perfect 2,115 min,6.4,63,Comedy,$183.64M,"814,747"
The Revenant,156 min,8,76,Action,$183.42M,"582,677"
Ocean's Eleven,116 min,7.7,74,Crime,$183.37M,"219,708"
The Polar Express,100 min,6.6,61,Animation,$183.14M,"334,896"
The Simpsons Movie,87 min,7.3,80,Animation,$182.81M,"211,371"
What Women Want,127 min,6.4,47,Comedy,$182.62M,"170,601"
The Perfect Storm,130 min,6.5,59,Action,$182.21M,"263,392"
Lincoln,150 min,7.3,86,Biography,$181.17M,"326,729"
Jurassic Park III,92 min,5.9,42,Action,$181.03M,"857,154"
Thor,115 min,7,57,Action,$180.20M,"675,417"
Ant-Man,117 min,7.3,64,Action,$180.01M,"222,067"
Planet of the Apes,119 min,5.7,50,Action,$180.01M,"232,534"
Madagascar: Escape 2 Africa,89 min,6.6,61,Animation,$179.88M,"510,515"
X-Men Origins: Wolverine,107 min,6.5,40,Action,$179.50M,"321,849"
Hitch,118 min,6.6,58,Comedy,$179.02M,"368,289"
Men in Black 3,106 min,6.8,58,Action,$177.40M,"104,646"
Home,94 min,6.6,55,Animation,$177.24M,"201,054"
Night at the Museum: Battle of the Smithsonian,105 min,6,42,Adventure,$177.00M,"341,438"
How to Train Your Dragon 2,102 min,7.8,77,Animation,$176.76M,"534,324"
Rise of the Planet of the Apes,105 min,7.6,68,Action,$176.65M,"852,986"
Captain America: The First Avenger,124 min,6.9,66,Action,$176.59M,"189,119"
The Karate Kid,140 min,6.2,61,Action,$176.39M,"489,736"
Ice Age,81 min,7.5,61,Animation,$176.24M,"468,487"
The Bourne Supremacy,108 min,7.7,73,Action,$176.04M,"624,457"
Get Out,104 min,7.7,85,Horror,$175.75M,"155,576"
The Lego Batman Movie,104 min,7.3,75,Animation,$175.08M,"307,145"
Us,116 min,6.8,81,Horror,$175.00M,"130,400"
The Boss Baby,97 min,6.3,50,Animation,$174.53M,"176,577"
Crazy Rich Asians,120 min,6.9,74,Comedy,$174.34M,"287,310"
The Greatest Showman,105 min,7.5,48,Biography,$173.96M,"216,976"
Fast & Furious Presents: Hobbs & Shaw,137 min,6.5,60,Action,$173.40M,"284,663"
Elf,97 min,7.1,64,Adventure,$173.01M,"338,845"
National Treasure,131 min,6.9,40,Action,$172.56M,"317,962"
Pirates of the Caribbean: Dead Men Tell No Tales,129 min,6.5,39,Action,$172.06M,"341,813"
Tron: Legacy,125 min,6.8,49,Action,$171.96M,"90,086"
Mary Poppins Returns,130 min,6.7,66,Adventure,$171.24M,"343,473"
True Grit,110 min,7.6,80,Drama,$171.02M,"352,502"
John Wick: Chapter 3 - Parabellum,130 min,7.4,73,Action,$170.74M,"939,412"
A Beautiful Mind,135 min,8.2,72,Biography,$170.69M,"233,259"
Chicago,113 min,7.2,81,Comedy,$169.71M,"464,406"
The Help,146 min,8.1,62,Drama,$169.70M,"131,283"
Hotel Transylvania 2,89 min,6.6,44,Animation,$169.61M,"235,176"
G.I. Joe: The Rise of Cobra,118 min,5.7,32,Action,$169.11M,"295,811"
Bridesmaids,125 min,6.8,75,Comedy,$168.37M,"453,739"
Quantum of Solace,106 min,6.6,58,Action,$168.27M,"120,179"
Wild Hogs,100 min,5.8,27,Action,$168.05M,"324,456"
Kong: Skull Island,118 min,6.6,62,Action,$167.77M,"993,257"
Gone Girl,149 min,8.1,79,Drama,$167.51M,"76,778"
Hotel Transylvania 3: Summer Vacation,97 min,6.3,54,Animation,$167.45M,"664,111"
Casino Royale,144 min,8,80,Action,$166.24M,"340,107"
Meet the Parents,108 min,7,73,Comedy,$166.17M,"323,273"
Fifty Shades of Grey,125 min,4.2,46,Drama,$166.11M,"382,373"
2012,158 min,5.8,49,Action,$165.36M,"705,459"
Knives Out,130 min,7.9,82,Comedy,$165.25M,"292,029"
Kung Fu Panda 2,90 min,7.2,67,Animation,$165.09M,"279,238"
Hannibal,131 min,6.8,57,Crime,$164.62M,"997,525"
Catch Me If You Can,141 min,8.1,75,Biography,$163.96M,"334,207"
The Proposal,108 min,6.7,48,Comedy,$163.57M,"520,628"
The Pursuit of Happyness,117 min,8,64,Biography,$163.21M,"285,361"
Clash of the Titans,106 min,5.8,39,Action,$162.99M,"56,965"
The SpongeBob Movie: Sponge Out of Water,92 min,6,62,Animation,$162.81M,"1,570,482"
Django Unchained,165 min,8.4,81,Drama,$162.43M,"230,794"
Jason Bourne,123 min,6.6,58,Action,$162.00M,"256,625"
Grown Ups,102 min,5.9,30,Comedy,$161.32M,"213,021"
Ice Age: Continental Drift,88 min,6.5,49,Animation,$161.20M,"205,801"
Straight Outta Compton,147 min,7.8,72,Biography,$160.94M,"221,986"
Die Another Day,133 min,6.1,56,Action,$160.86M,"186,888"
Shark Tale,90 min,6,48,Animation,$160.80M,"133,292"
How to Train Your Dragon: The Hidden World,104 min,7.4,71,Animation,$160.07M,"237,455"
A Quiet Place Part II,97 min,7.2,71,Drama,$159.58M,"174,899"
The Heat,117 min,6.6,60,Action,$159.56M,"288,577"
Fantastic Beasts: The Crimes of Grindelwald,134 min,6.5,52,Adventure,$159.34M,"157,963"
Halloween,106 min,6.5,67,Crime,$159.23M,"602,994"
1917,119 min,8.2,78,Action,$158.87M,"63,935"
The Secret Life of Pets 2,86 min,6.4,55,Animation,$158.85M,"249,154"
Star Trek Beyond,122 min,7,68,Action,$158.12M,"183,517"
The Longest Yard,113 min,6.4,48,Comedy,$157.30M,"621,425"
X-Men,104 min,7.3,64,Action,$157.02M,"266,454"
Scary Movie,88 min,6.2,48,Comedy,$155.46M,"128,979"
What Lies Beneath,130 min,6.6,51,Drama,$155.44M,"440,516"
X-Men: Apocalypse,144 min,6.9,52,Action,$155.33M,"292,866"
Snow White and the Huntsman,127 min,6.1,57,Action,$155.19M,"242,188"
San Andreas,114 min,6.1,43,Action,$155.06M,"291,705"
Fast & Furious,107 min,6.5,46,Action,$155.02M,"178,737"
Over the Hedge,83 min,6.7,67,Animation,$154.70M,"333,404"
Fantastic Four,106 min,5.7,40,Action,$154.53M,"143,371"
Horton Hears a Who!,86 min,6.8,71,Animation,$154.06M,"1,013,536"
Mad Max: Fury Road,120 min,8.1,90,Action,$153.71M,"84,264"
Trolls,92 min,6.4,55,Animation,$153.29M,"116,724"
Scooby-Doo,86 min,5.2,35,Adventure,$152.90M,"104,601"
Cars 3,102 min,6.7,59,Animation,$152.65M,"123,576"
Sex and the City,145 min,5.7,53,Comedy,$152.27M,"210,517"
Ready Player One,140 min,7.4,64,Action,$151.10M,"600,391"
La La Land,128 min,8,94,Comedy,$150.95M,"466,097"
Divergent,139 min,6.6,48,Action,$150.39M,"456,784"
We're the Millers,110 min,7,44,Comedy,$150.37M,"404,141"
Terminator 3: Rise of the Machines,109 min,6.3,66,Action,$150.36M,"122,782"
Daddy's Home,96 min,6.1,42,Comedy,$150.16M,"315,343"
Neighbors,97 min,6.3,68,Comedy,$150.12M,"483,960"
American Hustle,138 min,7.2,90,Crime,$149.26M,"172,970"
Puss in Boots,90 min,6.6,65,Animation,$148.97M,"143,106"
Sonic the Hedgehog,99 min,6.5,47,Action,$148.81M,"333,516"
Les Misérables,158 min,7.5,63,Drama,$148.73M,"373,427"
Knocked Up,129 min,6.9,85,Comedy,$148.42M,"269,246"
Megamind,95 min,7.3,63,Animation,$148.38M,"114,729"
Little Fockers,98 min,5.5,27,Comedy,$148.31M,"260,975"
Hotel Transylvania,91 min,7,47,Animation,$148.21M,"188,515"
Talladega Nights: The Ballad of Ricky Bobby,108 min,6.6,66,Comedy,$148.10M,"781,526"
Gran Torino,116 min,8.1,72,Drama,$146.88M,"261,945"
War for the Planet of the Apes,140 min,7.4,82,Action,$146.41M,"698,578"
X-Men: First Class,131 min,7.7,65,Action,$145.79M,"195,291"
Lilo & Stitch,85 min,7.3,73,Animation,$145.10M,"259,774"
American Pie 2,108 min,6.4,43,Comedy,$145.00M,"608,813"
Taken,90 min,7.8,51,Action,$144.84M,"554,346"
The Great Gatsby,143 min,7.2,55,Drama,$144.80M,"547,488"
"I, Robot",115 min,7.1,59,Action,$144.53M,"391,143"
The Fast and the Furious,106 min,6.8,58,Action,$144.13M,"251,571"
Mamma Mia!,108 min,6.5,51,Comedy,$144.11M,"166,921"
Pokémon: Detective Pikachu,104 min,6.5,53,Action,$143.62M,"232,546"
Rio,96 min,6.9,63,Animation,$143.53M,"164,619"
Kung Fu Panda 3,95 min,7.1,66,Animation,$143.50M,"527,944"
Juno,96 min,7.5,81,Comedy,$143.15M,"160,824"
Marley & Me,115 min,7,53,Drama,$143.01M,"174,775"
The Meg,113 min,5.6,46,Action,$142.61M,"92,103"
The Smurfs,103 min,5.4,30,Animation,$142.50M,"755,645"
Once Upon a Time in Hollywood,161 min,7.6,83,Comedy,$142.11M,"181,728"
xXx,124 min,5.8,48,Action,$141.62M,"214,516"
The Chronicles of Narnia: Prince Caspian,150 min,6.5,62,Action,$141.32M,"851,481"
Slumdog Millionaire,120 min,8,84,Crime,$140.37M,"345,753"
Shazam!,132 min,7,71,Action,$140.22M,"224,354"
Ocean's Eight,110 min,6.3,61,Action,$140.13M,"172,498"
Rush Hour 3,91 min,6.2,44,Action,$139.85M,"310,887"
Taken 2,92 min,6.2,45,Action,$139.31M,"518,885"
The Matrix Revolutions,129 min,6.7,47,Action,$139.24M,"60,523"
The Santa Clause 2,104 min,5.7,48,Comedy,$138.80M,"685,743"
The King's Speech,118 min,8,88,Biography,$138.61M,"104,151"
Cheaper by the Dozen,98 min,5.9,46,Comedy,$138.61M,"255,186"
Bad Boys II,147 min,6.6,38,Action,$138.45M,"566,297"
21 Jump Street,109 min,7.2,69,Action,$138.29M,"508,016"
Split,117 min,7.3,62,Horror,$137.86M,"121,204"
A Christmas Carol,96 min,6.8,55,Animation,$137.75M,"62,712"
Dinosaur,82 min,6.4,56,Animation,$137.69M,"443,831"
Bee Movie,91 min,6.1,54,Animation,$137.40M,"516,494"
The Conjuring,112 min,7.5,68,Horror,$137.36M,"337,177"
Click,107 min,6.4,45,Comedy,$136.03M,"619,317"
Argo,120 min,7.7,86,Biography,$135.65M,"219,114"
Anger Management,106 min,6.2,52,Comedy,$135.39M,"94,988"
Chicken Little,81 min,5.7,48,Animation,$134.94M,"116,734"
Ride Along,99 min,6.1,41,Action,$134.53M,"409,970"
Live Free or Die Hard,128 min,7.1,69,Action,$134.52M,"498,366"
The Incredible Hulk,112 min,6.6,61,Action,$134.51M,"393,965"
Wanted,110 min,6.7,64,Action,$134.51M,"135,642"
Identity Thief,111 min,5.7,35,Comedy,$134.03M,"361,882"
Mission: Impossible III,126 min,6.9,66,Action,$133.67M,"157,947"
Grown Ups 2,101 min,5.3,19,Comedy,$133.38M,"541,687"
Troy,163 min,7.3,56,Drama,$133.38M,"297,414"
Angels & Demons,138 min,6.7,48,Action,$133.11M,"36,605"
Alvin and the Chipmunks: Chipwrecked,87 min,4.3,24,Animation,$132.72M,"37,991"
Bringing Down the House,105 min,5.6,39,Comedy,$132.56M,"472,270"
The Wolverine,126 min,6.7,61,Action,$132.42M,"167,543"
Wonder,113 min,7.9,66,Drama,$132.38M,"1,335,727"
The Departed,151 min,8.5,85,Crime,$132.18M,"270,876"
Hulk,138 min,5.6,54,Action,$132.09M,"715,463"
Silver Linings Playbook,122 min,7.7,81,Comedy,$132.07M,"558,731"
Minority Report,145 min,7.6,80,Action,$131.92M,"268,857"
Fantastic Four: Rise of the Silver Surfer,92 min,5.6,45,Action,$131.56M,"165,841"
The Last Airbender,103 min,4,20,Action,$131.54M,"93,127"
Rio 2,101 min,6.3,49,Animation,$131.14M,"211,994"
Lara Croft: Tomb Raider,100 min,5.7,33,Action,$130.32M,"220,877"
Get Smart,110 min,6.5,54,Action,$130.18M,"242,021"
The Divergent Series: Insurgent,119 min,6.2,42,Action,$130.18M,"47,143"
The Peanuts Movie,88 min,7,67,Animation,$130.17M,"155,316"
Transformers: The Last Knight,154 min,5.2,27,Action,$130.16M,"431,487"
American Gangster,157 min,7.8,76,Biography,$129.13M,"355,376"
The Ring,115 min,7.1,57,Horror,$128.51M,"416,498"
Borat,84 min,7.3,89,Comedy,$128.34M,"234,785"
Ghostbusters,117 min,6.8,60,Action,$128.26M,"675,435"
Kingsman: The Secret Service,129 min,7.7,60,Action,$128.20M,"151,114"
Robots,91 min,6.4,64,Animation,$128.08M,"272,201"
"Crouching Tiger, Hidden Dragon",120 min,7.9,94,Action,$128.01M,"1,332,044"
Shutter Island,138 min,8.2,63,Mystery,$128.00M,"143,230"
Into the Woods,125 min,5.9,69,Adventure,$127.81M,"208,274"
Enchanted,107 min,7.1,75,Animation,$127.51M,"658,699"
The Curious Case of Benjamin Button,166 min,7.8,70,Drama,$127.44M,"195,949"
Central Intelligence,107 min,6.3,52,Action,$127.35M,"184,856"
Anchorman 2: The Legend Continues,119 min,6.3,61,Comedy,$127.22M,"116,283"
Sweet Home Alabama,108 min,6.2,45,Comedy,$127.20M,"169,904"
Bumblebee,114 min,6.7,66,Action,$127.15M,"278,286"
2 Fast 2 Furious,107 min,5.9,38,Action,$127.00M,"357,086"
Super 8,112 min,7,72,Action,$126.66M,"503,993"
Lucy,89 min,6.4,61,Action,$126.64M,"179,526"
The Legend of Tarzan,110 min,6.2,44,Action,$126.63M,"166,639"
The Wolf of Wall Street,180 min,8.2,75,Biography,$126.48M,"615,696"
Prometheus,124 min,7,64,Adventure,$126.37M,"225,943"
Safe House,115 min,6.7,52,Action,$126.29M,"146,711"
Mr. Deeds,96 min,5.8,24,Comedy,$125.60M,"202,460"
Erin Brockovich,131 min,7.4,73,Biography,$125.54M,"395,995"
Ocean's Twelve,125 min,6.5,58,Crime,$125.32M,"366,024"
Terminator Salvation,115 min,6.5,49,Action,$125.31M,"189,522"
Charlie's Angels,98 min,5.6,52,Action,$125.10M,"292,036"
Lone Survivor,121 min,7.5,60,Action,$125.07M,"277,587"
Sully,96 min,7.4,74,Biography,$125.01M,"197,152"
The Vow,104 min,6.8,43,Drama,$124.99M,"637,780"
Life of Pi,127 min,7.9,79,Adventure,$124.87M,"382,184"
The Fault in Our Stars,126 min,7.7,69,Drama,$124.87M,"238,591"
Cloudy with a Chance of Meatballs,90 min,6.9,66,Animation,$124.74M,"427,625"
The Devil Wears Prada,109 min,6.9,62,Comedy,$124.73M,"123,871"
Something's Gotta Give,128 min,6.7,66,Comedy,$124.12M,"210,001"
Traffic,147 min,7.6,86,Crime,$123.48M,"271,688"
Rango,107 min,7.2,75,Animation,$123.31M,"51,764"
Nutty Professor II: The Klumps,106 min,4.4,38,Comedy,$123.09M,"118,488"
The Good Dinosaur,93 min,6.7,66,Animation,$122.52M,"183,180"
G.I. Joe: Retaliation,110 min,5.7,41,Action,$121.66M,"552,383"
The Bourne Identity,119 min,7.9,68,Action,$121.46M,"589,567"
Superbad,113 min,7.6,76,Comedy,$120.91M,"361,282"
50 First Dates,99 min,6.8,48,Comedy,$120.63M,"98,239"
Mamma Mia! Here We Go Again,114 min,6.6,60,Comedy,$120.54M,"1,464,766"
Inglourious Basterds,153 min,8.3,69,Adventure,$120.50M,"7,574"
Janatha Garage,162 min,7.2, ,Action,$120.28M,"74,360"
Seabiscuit,140 min,7.3,72,Drama,$120.18M,"271,034"
Van Helsing,131 min,6,35,Action,$120.15M,"75,616"
Four Christmases,88 min,5.7,41,Comedy,$120.06M,"149,364"
I Now Pronounce You Chuck & Larry,115 min,5.9,37,Comedy,$119.79M,"106,182"
Cloudy with a Chance of Meatballs 2,95 min,6.3,59,Animation,$119.52M,"254,486"
Walk the Line,136 min,7.8,72,Biography,$119.44M,"47,618"
G-Force,88 min,5.1,41,Animation,$119.22M,"273,744"
The Other Guys,107 min,6.6,64,Action,$119.19M,"130,369"
Fahrenheit 9/11,122 min,7.5,67,Documentary,$118.91M,"119,056"
The Sum of All Fears,124 min,6.4,45,Action,$118.87M,"132,874"
Hairspray,117 min,6.7,81,Comedy,$118.70M,"134,484"
The Break-Up,106 min,5.8,45,Comedy,$118.63M,"212,368"
A Series of Unfortunate Events,108 min,6.8,62,Adventure,$118.59M,"171,446"
Blades of Glory,93 min,6.3,64,Comedy,$118.31M,"318,607"
Salt,100 min,6.4,65,Action,$117.72M,"668,651"
Now You See Me,115 min,7.2,50,Crime,$117.62M,"403,581"
Ford v Ferrari,152 min,8.1,81,Action,$117.56M,"87,217"
Big Momma's House,99 min,5.2,33,Action,$117.54M,"453,806"
Horrible Bosses,98 min,6.9,57,Comedy,$117.45M,"144,652"
The Nun,96 min,5.3,46,Horror,$117.22M,"66,504"
Jackass 3D,94 min,7,56,Documentary,$117.15M,"352,050"
Ocean's Thirteen,122 min,6.9,62,Crime,$116.93M,"149,613"
S.W.A.T.,117 min,6,45,Action,$116.90M,"1,430,304"
Baby Driver,113 min,7.6,86,Action,$116.72M,"296,209"
8 Mile,110 min,7.2,77,Drama,$116.63M,"116,678"
The Butler,132 min,7.2,65,Biography,$116.60M,"287,998"
Green Lantern,114 min,5.5,39,Action,$115.80M,"242,577"
Ghost Rider,110 min,5.2,35,Action,$115.72M,"129,334"
Creed II,130 min,7.1,66,Action,$115.65M,"219,181"
Remember the Titans,113 min,7.8,48,Biography,$115.65M,"688,251"
District 9,112 min,7.9,81,Action,$115.64M,"171,375"
Unbroken,137 min,7.2,59,Action,$115.25M,"44,297"
Peter Rabbit,95 min,6.6,51,Adventure,$115.17M,"38,501"
Girls Trip,122 min,6.2,71,Adventure,$114.77M,"77,866"
Dumbo,112 min,6.3,51,Adventure,$114.38M,"104,837"
Fifty Shades Darker,118 min,4.6,33,Drama,$114.33M,"254,485"
Dodgeball: A True Underdog Story,92 min,6.7,55,Comedy,$114.20M,"265,564"
The Village,108 min,6.6,44,Drama,$114.05M,"215,419"
Bolt,96 min,6.8,67,Animation,$113.93M,"108,228"
Maleficent: Mistress of Evil,119 min,6.6,43,Adventure,$113.75M,"126,066"
Night at the Museum: Secret of the Tomb,98 min,6.2,47,Adventure,$113.72M,"140,959"
Magic Mike,110 min,6.1,72,Comedy,$113.33M,"279,434"
The Patriot,165 min,7.2,63,Action,$113.26M,"128,295"
Bad Moms,100 min,6.2,60,Comedy,$113.20M,"305,473"
The Bourne Legacy,135 min,6.6,61,Action,$113.09M,"96,365"
The Pacifier,95 min,5.6,30,Action,$112.95M,"45,909"
Dr. Dolittle 2,87 min,4.7,49,Comedy,$112.74M,"94,398"
It's Complicated,120 min,6.5,57,Comedy,$112.72M,"120,047"
Spy Kids,88 min,5.6,71,Action,$112.20M,"319,230"
The Hangover Part III,100 min,5.8,30,Comedy,$111.76M,"62,036"
Spy Kids 3: Game Over,84 min,4.3,57,Action,$111.51M,"72,444"
Mr. Peabody & Sherman,92 min,6.8,59,Animation,$111.11M,"446,693"
The Last Samurai,154 min,7.8,55,Action,$111.05M,"248,590"
Glass,129 min,6.6,43,Drama,$110.83M,"248,011"
Spy,120 min,7,75,Action,$110.52M,"422,786"
Tropic Thunder,107 min,7.1,71,Action,$110.50M,"186,681"
Godzilla: King of the Monsters,132 min,6,48,Action,$110.49M,"121,564"
Valentine's Day,125 min,5.7,34,Comedy,$110.36M,"146,706"
The Grudge,91 min,5.9,49,Horror,$110.33M,"147,913"
Fun with Dick and Jane,90 min,6.2,47,Comedy,$110.23M,"142,223"
Freaky Friday,97 min,6.3,70,Comedy,$110.21M,"138,568"
Trainwreck,125 min,6.2,75,Comedy,$110.10M,"97,044"
Bedtime Stories,99 min,6,33,Adventure,$110.00M,"150,281"
Scary Movie 3,84 min,5.5,49,Comedy,$109.77M,"279,227"
Creed,133 min,7.6,82,Action,$109.45M,"444,330"
The 40-Year-Old Virgin,116 min,7.1,73,Comedy,$109.21M,"110,407"
Couples Retreat,113 min,5.5,23,Comedy,$108.64M,"401,703"
Black Hawk Down,144 min,7.7,74,Action,$108.25M,"57,879"
The Upside,126 min,7,46,Comedy,$108.25M,"150,555"
The Princess Diaries,115 min,6.4,52,Comedy,$108.10M,"211,905"
Little Women,135 min,7.8,91,Drama,$108.09M,"35,089"
Hop,95 min,5.4,41,Animation,$107.92M,"244,099"
Paranormal Activity,86 min,6.3,68,Horror,$107.83M,"551,248"
Vanilla Sky,136 min,6.9,45,Fantasy,$107.52M,"106,726"
Epic,102 min,6.6,52,Animation,$107.51M,"557,334"
Watchmen,162 min,7.6,56,Action,$107.51M,"95,481"
The Angry Birds Movie,97 min,6.3,43,Animation,$107.10M,"467,027"
Captain Phillips,134 min,7.8,82,Action,$106.95M,"776,521"
Black Swan,108 min,8,79,Drama,$106.83M,"195,988"
Chicken Run,84 min,7.1,88,Animation,$106.81M,"215,129"
Miss Congeniality,109 min,6.3,43,Action,$106.58M,"304,995"
300: Rise of an Empire,102 min,6.2,48,Action,$106.13M,"373,391"
The Italian Job,111 min,7,68,Action,$105.81M,"246,232"
How to Lose a Guy in 10 Days,116 min,6.4,45,Comedy,$105.81M,"68,988"
The Lego Movie 2: The Second Part,107 min,6.6,65,Animation,$105.27M,"272,833"
Robin Hood,140 min,6.6,53,Action,$104.96M,"102,392"
Hustlers,110 min,6.3,79,Comedy,$104.90M,"66,170"
Pitch Perfect 3,93 min,5.8,40,Comedy,$104.57M,"209,344"
American Wedding,96 min,6.3,43,Comedy,$104.45M,"272,531"
Road to Perdition,117 min,7.7,72,Crime,$104.40M,"149,866"
The Princess and the Frog,97 min,7.1,73,Animation,$104.39M,"157,521"
The Chronicles of Narnia: The Voyage of the Dawn Treader,113 min,6.3,53,Adventure,$104.30M,"70,515"
Daddy Day Care,92 min,5.6,39,Comedy,$104.03M,"76,603"
Daddy's Home 2,100 min,6,30,Comedy,$104.01M,"96,527"
Paranormal Activity 3,83 min,5.8,59,Horror,$103.86M,"106,525"
Journey 2: The Mysterious Island,94 min,5.7,41,Action,$103.80M,"140,566"
The Mule,116 min,7,58,Crime,$103.41M,"180,088"
Rise of the Guardians,97 min,7.2,58,Animation,$103.37M,"74,810"
Dreamgirls,130 min,6.6,76,Drama,$103.14M,"181,948"
Independence Day: Resurgence,120 min,5.2,32,Action,$103.07M,"349,604"
The Expendables,103 min,6.4,45,Action,$103.03M,"249,175"
Just Go with It,117 min,6.4,33,Comedy,$102.83M,"264,095"
Murder on the Orient Express,114 min,6.5,52,Crime,$102.61M,"366,748"
The Aviator,170 min,7.5,77,Biography,$102.54M,"222,456"
Daredevil,103 min,5.3,42,Action,$102.52M,"469,099"
The Girl with the Dragon Tattoo,158 min,7.8,71,Crime,$102.49M,"163,829"
The Mummy: Tomb of the Dragon Emperor,112 min,5.2,31,Action,$102.47M,"276,393"
The Conjuring 2,134 min,7.3,65,Horror,$102.43M,"475,438"
The Maze Runner,113 min,6.8,57,Action,$102.09M,"138,161"
Annabelle: Creation,109 min,6.5,62,Horror,$102.08M,"164,409"
The Equalizer 2,121 min,6.7,50,Action,$102.00M,"96,177"
Jackass Presents: Bad Grandpa,92 min,6.5,54,Comedy,$101.80M,"507,790"
Pacific Rim,131 min,6.9,65,Action,$101.70M,"125,174"
Journey to the Center of the Earth,93 min,5.8,57,Action,$101.65M,"282,635"
Gone in 60 Seconds,118 min,6.5,35,Action,$101.53M,"377,780"
The Equalizer,132 min,7.2,57,Action,$101.47M,"417,801"
This Is the End,107 min,6.6,67,Comedy,$101.20M,"257,689"
Noah,138 min,5.8,68,Action,$101.15M,"84,290"
The Cat in the Hat,82 min,4,19,Adventure,$101.11M,"189,311"
Eagle Eye,118 min,6.6,43,Action,$101.03M,"171,994"
Rampage,107 min,6.1,45,Action,$101.01M,"410,738"
Collateral,120 min,7.5,71,Action,$100.83M,"129,401"
Charlie's Angels: Full Throttle,106 min,4.9,48,Action,$100.61M,"272,216"
The Magnificent Seven,132 min,6.8,54,Action,$100.55M,"705,512"
Arrival,116 min,7.9,81,Drama,$100.54M,"347,519"
Due Date,95 min,6.5,51,Comedy,$100.49M,"692,634"
Million Dollar Baby,132 min,8.1,86,Drama,$100.48M,"45,796"
A Wrinkle in Time,109 min,4.2,53,Adventure,$100.47M,"300,823"
Step Brothers,98 min,6.9,51,Comedy,$100.46M,"149,807"
Evan Almighty,96 min,5.4,37,Comedy,$100.41M,"67,781"
Fifty Shades Freed,105 min,4.5,31,Drama,$100.29M,"205,724"
Bad Teacher,92 min,5.6,47,Comedy,$100.25M,"22,469"
Yogi Bear,80 min,4.6,35,Animation,$100.24M,"224,036"
Cowboys & Aliens,119 min,6,50,Action,$100.23M,"334,913"
Kingsman: The Golden Circle,141 min,6.7,44,Action,$100.21M,"687,620"
Edge of Tomorrow,113 min,7.9,71,Action,$100.04M,"41,801"
The Addams Family,86 min,5.8,46,Animation,$100.02M,"205,263"
You Don't Mess with the Zohan,113 min,5.6,54,Action,$100.01M,"413,417"
Passengers,116 min,7,41,Drama,$99.97M,"56,962"
Gnomeo & Juliet,84 min,5.9,53,Animation,$99.22M,"79,642"
Christopher Robin,104 min,7.2,60,Adventure,$98.93M,"280,426"
Olympus Has Fallen,119 min,6.5,41,Action,$98.78M,"161,808"
The Green Hornet,119 min,5.8,39,Action,$98.71M,"165,178"
Date Night,88 min,6.3,56,Comedy,$97.82M,"103,143"
Meet the Robinsons,95 min,6.8,61,Animation,$97.69M,"367,522"
Yes Man,104 min,6.8,46,Comedy,$97.69M,"198,276"
Sausage Party,89 min,6.1,66,Animation,$97.10M,"307,119"
Public Enemies,140 min,7,70,Action,$96.96M,"712,074"
The Social Network,120 min,7.8,95,Biography,$96.85M,"58,173"
Downton Abbey,122 min,7.4,64,Drama,$96.52M,"372,136"
The Others,104 min,7.6,74,Horror,$96.52M,"224,177"
Legally Blonde,96 min,6.4,59,Comedy,$96.40M,"283,594"
Panic Room,112 min,6.8,65,Crime,$96.37M,"178,726"
Rocketman,121 min,7.3,69,Biography,$95.72M,"305,782"
Zero Dark Thirty,157 min,7.4,95,Drama,$95.67M,"75,845"
Norbit,102 min,4.1,27,Comedy,$95.64M,"150,846"
Cold Mountain,154 min,7.2,73,Adventure,$95.35M,"81,053"
Sex and the City 2,146 min,4.5,27,Comedy,$95.17M,"83,480"
The Princess Diaries 2: Royal Engagement,113 min,5.8,43,Comedy,$95.01M,"422,946"
Unbreakable,106 min,7.3,62,Drama,$95.00M,"97,205"
42,128 min,7.5,62,Biography,$94.84M,"322,856"
The Book of Eli,118 min,6.8,53,Action,$94.78M,"132,644"
"10,000 BC",109 min,5.1,34,Action,$94.51M,"24,863"
Beverly Hills Chihuahua,91 min,3.9,41,Adventure,$94.13M,"122,164"
Julie & Julia,123 min,7,66,Biography,$94.01M,"91,815"
Maid in Manhattan,105 min,5.3,45,Comedy,$93.95M,"176,055"
He's Just Not That Into You,129 min,6.4,47,Comedy,$93.93M,"225,273"
Master and Commander: The Far Side of the World,138 min,7.4,81,Action,$93.77M,"359,055"
Flight,138 min,7.3,76,Drama,$93.62M,"372,861"
The Fighter,116 min,7.8,79,Action,$93.61M,"58,659"
America's Sweethearts,102 min,5.7,44,Comedy,$93.47M,"249,142"
The Bucket List,97 min,7.4,42,Adventure,$93.44M,"184,712"
Tomorrowland,130 min,6.4,60,Action,$93.43M,"215,220"
The Emoji Movie,86 min,3.4,12,Animation,$93.39M,"60,539"
Cats & Dogs,87 min,5.1,47,Action,$93.37M,"1,716"
Space Station 3D,47 min,7.4,69,Documentary,$93.35M,"120,640"
Two Weeks Notice,101 min,6.1,42,Comedy,$93.15M,"277,734"
Red Dragon,124 min,7.2,60,Crime,$93.05M,"453,133"
Elysium,109 min,6.6,61,Action,$92.19M,"396,393"
The Town,125 min,7.5,74,Crime,$92.17M,"267,673"
Non-Stop,106 min,6.9,56,Action,$92.05M,"586,200"
Blade Runner 2049,164 min,8,81,Action,$92.03M,"441,066"
John Wick: Chapter 2,122 min,7.4,75,Action,$91.55M,"48,401"
Think Like a Man,122 min,6.5,51,Comedy,$91.44M,"27,570"
Heaven Is for Real,99 min,5.8,47,Biography,$91.22M,"60,153"
Ride Along 2,102 min,5.9,32,Action,$91.13M,"778,508"
The Imitation Game,114 min,8,71,Biography,$91.06M,"63,520"
Save the Last Dance,112 min,6.2,53,Drama,$91.05M,"140,678"
The Scorpion King,92 min,5.5,45,Action,$90.76M,"293,287"
Prince of Persia: The Sands of Time,116 min,6.6,50,Action,$90.71M,"123,638"
Scary Movie 4,83 min,5.1,40,Comedy,$90.65M,"80,374"
The Game Plan,110 min,6.2,44,Comedy,$90.57M,"241,163"
"Me, Myself & Irene",116 min,6.6,49,Comedy,$90.56M,"64,153"
High School Musical 3: Senior Year,112 min,4.9,57,Comedy,$90.49M,"12,438"
Madea Goes to Jail,103 min,4.5,50,Comedy,$90.46M,"82,836"
Space Cowboys,130 min,6.5,73,Action,$90.41M,"139,687"
Get Hard,100 min,6,34,Comedy,$90.38M,"312,620"
RED,111 min,7,60,Action,$90.29M,"46,267"
Planes,91 min,5.7,39,Animation,$90.19M,"68,892"
"Legally Blonde 2: Red, White & Blonde",95 min,4.7,47,Comedy,$90.14M,"462,106"
Mystic River,138 min,7.9,84,Crime,$89.76M,"281,545"
Terminator Genisys,126 min,6.3,38,Action,$89.71M,"165,003"
Flightplan,98 min,6.3,53,Drama,$89.30M,"208,714"
The Emperor's New Groove,78 min,7.4,70,Animation,$89.30M,"237,266"
The Lone Ranger,150 min,6.4,37,Action,$89.26M,"195,680"
Taken 3,108 min,6,26,Action,$89.22M,"280,484"
Don't Breathe,88 min,7.1,71,Crime,$89.14M,"147,166"
Scream 3,116 min,5.6,56,Horror,$89.02M,"532,234"
Oblivion,124 min,7,54,Action,$88.92M,"222,243"
The Ugly Truth,96 min,6.4,28,Comedy,$88.76M,"191,915"
Percy Jackson & the Olympians: The Lightning Thief,118 min,5.8,47,Adventure,$88.72M,"82,253"
Failure to Launch,97 min,5.6,47,Comedy,$88.63M,"93,827"
The Muppets,103 min,7.1,75,Adventure,$88.51M,"378,127"
Inside Man,129 min,7.6,76,Crime,$88.24M,"149,700"
Starsky & Hutch,101 min,6.1,55,Comedy,$88.10M,"138,630"
Along Came Polly,90 min,6,44,Comedy,$87.34M,"344,361"
Pineapple Express,111 min,6.9,64,Action,$87.24M,"177,316"
Miss Peregrine's Home for Peculiar Children,127 min,6.7,57,Adventure,$87.04M,"67,583"
Sisters,118 min,6,58,Comedy,$87.04M,"256,951"
Saw II,93 min,6.6,40,Horror,$86.91M,"133,124"
The Campaign,85 min,6.1,50,Comedy,$86.26M,"300,442"
The Accountant,128 min,7.3,51,Action,$86.21M,"139,596"
Dumb and Dumber To,109 min,5.6,36,Comedy,$86.09M,"66,003"
The Post,116 min,7.2,83,Biography,$86.06M,"392,027"
Mean Girls,97 min,7.1,66,Comedy,$85.91M,"38,747"
Annie,118 min,5.3,33,Comedy,$85.89M,"20,540"
Alvin and the Chipmunks: The Road Chip,92 min,4.9,33,Animation,$85.85M,"69,326"
Spy Kids 2: Island of Lost Dreams,100 min,5.2,66,Action,$85.82M,"500,868"
Fury,134 min,7.5,64,Action,$85.71M,"273,740"
Alita: Battle Angel,122 min,7.3,53,Action,$85.47M,"335,192"
Real Steel,127 min,7,56,Action,$85.42M,"93,929"
The SpongeBob SquarePants Movie,87 min,7.1,66,Animation,$85.36M,"109,796"
Power Rangers,124 min,5.9,44,Action,$85.34M,"114,116"
Brother Bear,85 min,6.8,48,Animation,$85.29M,"362,477"
Anchorman: The Legend of Ron Burgundy,94 min,7.1,63,Comedy,$85.11M,"99,040"
Open Season,86 min,6.1,49,Animation,$85.08M,"502,346"
Green Book,130 min,8.2,69,Biography,$85.02M,"310,554"
The Expendables 2,103 min,6.6,51,Action,$84.75M,"106,006"
Paranormal Activity 2,91 min,5.7,53,Horror,$84.53M,"52,687"
Tammy,97 min,4.9,39,Comedy,$84.50M,"40,095"
The Santa Clause 3: The Escape Clause,92 min,4.8,32,Adventure,$84.41M,"58,990"
Ferdinand,108 min,6.7,58,Animation,$84.40M,520
Dolphins,39 min,7.2, ,Documentary,$84.35M,"527,253"
"Crazy, Stupid, Love.",118 min,7.4,68,Comedy,$84.27M,"162,890"
Annabelle,99 min,5.4,37,Horror,$84.22M,"59,892"
Scooby-Doo 2: Monsters Unleashed,93 min,5.2,34,Adventure,$84.16M,"243,816"
Birds of Prey,109 min,6,60,Action,$84.05M,"123,499"
Atlantis: The Lost Empire,95 min,6.9,52,Animation,$83.91M,"143,498"
The Other Woman,109 min,6,39,Comedy,$83.82M,"339,540"
Up in the Air,109 min,7.4,83,Comedy,$83.67M,"191,135"
Wrath of the Titans,99 min,5.7,37,Action,$83.59M,"174,246"
Insidious: Chapter 2,106 min,6.5,40,Horror,$83.55M,"181,758"
Battle Los Angeles,116 min,5.7,37,Action,$83.50M,"170,750"
Immortals,110 min,6,46,Action,$83.48M,"16,710"
I Can Only Imagine,110 min,7.3,30,Biography,$83.35M,"93,899"
Penguins of Madagascar,92 min,6.6,53,Animation,$83.30M,"164,357"
Saving Mr. Banks,125 min,7.5,65,Biography,$83.24M,"40,664"
Smallfoot,96 min,6.6,60,Animation,$83.08M,"248,131"
Valkyrie,121 min,7.1,56,Drama,$83.04M,"362,841"
Brokeback Mountain,134 min,7.7,87,Drama,$83.03M,"100,709"
Turbo,96 min,6.4,58,Animation,$82.99M,"43,684"
Charlotte's Web,97 min,6.3,68,Adventure,$82.93M,"62,983"
Monster-in-Law,101 min,5.5,31,Comedy,$82.67M,"33,007"
Are We There Yet?,95 min,4.7,27,Adventure,$82.62M,"121,673"
Freddy vs. Jason,97 min,5.7,37,Action,$82.58M,"244,086"
The Descendants,115 min,7.3,84,Comedy,$82.57M,"60,162"
Cheaper by the Dozen 2,94 min,5.5,34,Adventure,$82.39M,"136,040"
Let's Be Cops,104 min,6.4,30,Action,$82.35M,"222,705"
Blade II,117 min,6.7,52,Action,$82.27M,"161,115"
Bridge to Terabithia,96 min,7.2,74,Drama,$82.23M,"88,477"
The Pink Panther,93 min,5.6,38,Adventure,$82.16M,"169,876"
Beowulf,115 min,6.3,59,Animation,$82.05M,"94,925"
Teenage Mutant Ninja Turtles: Out of the Shadows,112 min,5.9,40,Action,$81.90M,"154,084"
27 Dresses,111 min,6.1,47,Comedy,$81.70M,"256,127"
Maze Runner: The Scorch Trials,131 min,6.3,43,Action,$81.61M,"65,937"
Eight Below,120 min,7.3,64,Adventure,$81.56M,"200,103"
Unstoppable,98 min,6.8,69,Action,$81.48M,"214,961"
Ted 2,115 min,6.3,48,Comedy,$81.26M,"311,649"
School of Rock,109 min,7.2,82,Comedy,$81.17M,"27,556"
Snow Dogs,99 min,5.2,29,Adventure,$81.16M,"255,854"
21,123 min,6.8,48,Crime,$81.00M,"580,163"
The Notebook,123 min,7.8,53,Drama,$80.94M,"35,727"
Jimmy Neutron: Boy Genius,82 min,6,65,Animation,$80.57M,"99,614"
Eat Pray Love,133 min,5.8,50,Biography,$80.57M,"145,282"
The Texas Chainsaw Massacre,98 min,6.2,38,Crime,$80.36M,"62,505"
Zookeeper,102 min,5.2,30,Comedy,$80.28M,"203,619"
Alien vs. Predator,101 min,5.6,29,Action,$80.28M,"179,412"
What Happens in Vegas,99 min,6.1,36,Comedy,$80.27M,"79,957"
The Dukes of Hazzard,104 min,5.1,33,Comedy,$80.24M,"197,205"
Saw III,108 min,6.2,48,Crime,$80.21M,"238,530"
Disturbia,105 min,6.8,62,Crime,$80.20M,"89,311"
Nacho Libre,92 min,5.8,52,Comedy,$80.17M,"310,623"
Jumper,88 min,6.1,35,Action,$80.10M,"193,540"
The Mummy,110 min,5.4,34,Action,$80.08M,"90,674"
Goosebumps,103 min,6.3,60,Adventure,$80.07M,"346,276"
Jack Reacher,130 min,7,50,Action,$80.05M,"404,275"
Cloverfield,85 min,7,64,Action,$80.01M,"151,627"
Dear John,108 min,6.3,43,Drama,$80.00M,"137,317"
Men in Black: International,114 min,5.6,38,Action,$79.96M,"237,427"
Knowing,121 min,6.2,41,Action,$79.88M,"159,915"
War Horse,146 min,7.2,72,Action,$79.73M,"270,923"
Dark Shadows,113 min,6.2,55,Comedy,$79.57M,"43,541"
Hannah Montana: The Movie,102 min,4.6,47,Comedy,$79.37M,"172,633"
The Day the Earth Stood Still,104 min,5.5,40,Adventure,$79.25M,"581,445"
Limitless,105 min,7.4,59,Sci-Fi,$79.21M,"103,639"
The Purge: Election Year,108 min,6,55,Action,$78.75M,"147,700"
Pixels,105 min,5.6,27,Action,$78.62M,"311,646"
A.I. Artificial Intelligence,146 min,7.2,65,Drama,$78.12M,"144,686"
We Were Soldiers,138 min,7.1,65,Action,$78.05M,"146,520"
Tower Heist,104 min,6.2,59,Action,$78.03M,"133,670"
The Monuments Men,118 min,6.1,52,Comedy,$77.91M,"367,928"
Man on Fire,146 min,7.7,47,Action,$77.87M,"466,180"
The Terminal,128 min,7.4,55,Comedy,$77.81M,"448,376"
Gangs of New York,167 min,7.5,72,Crime,$77.59M,"234,151"
The Adventures of Tintin,107 min,7.3,68,Animation,$77.44M,"58,610"
March of the Penguins,80 min,7.5,79,Documentary,$77.34M,"41,825"
Night School,111 min,5.6,43,Comedy,$77.27M,"26,191"
Parental Guidance,105 min,6,36,Comedy,$77.23M,"106,145"
Where the Wild Things Are,101 min,6.7,71,Adventure,$77.22M,"261,517"
The A-Team,117 min,6.7,47,Action,$77.09M,"83,507"
U-571,116 min,6.6,62,Action,$77.05M,"66,171"
Dolittle,101 min,5.6,26,Adventure,$77.04M,"112,314"
Alice Through the Looking Glass,113 min,6.2,34,Adventure,$76.81M,"167,262"
Dinner for Schmucks,114 min,5.9,56,Comedy,$76.63M,"443,110"
Training Day,122 min,7.7,69,Action,$76.51M,"12,947"
Rugrats in Paris,78 min,6.1,62,Animation,$76.42M,"199,262"
Knight and Day,109 min,6.3,46,Action,$76.27M,"120,783"
Paddington,95 min,7.3,77,Adventure,$76.23M,"59,426"
Pete's Dragon,102 min,6.7,71,Action,$76.23M,"97,693"
The Ring Two,110 min,5.4,44,Horror,$75.98M,"352,184"
Constantine,121 min,7,50,Action,$75.85M,"50,716"
The Haunted Mansion,88 min,5.1,34,Comedy,$75.79M,"113,193"
The Family Man,125 min,6.8,42,Comedy,$75.78M,"32,075"
Barbershop,102 min,6.3,66,Comedy,$75.76M,"256,429"
The Intern,121 min,7.1,51,Comedy,$75.75M,"275,589"
Hellboy II: The Golden Army,120 min,7,78,Action,$75.66M,"306,571"
Contagion,106 min,6.8,70,Drama,$75.63M,"82,338"
"You, Me and Dupree",110 min,5.6,46,Comedy,$75.62M,"145,766"
We Bought a Zoo,124 min,7.1,58,Comedy,$75.61M,"214,791"
2 Guns,109 min,6.7,55,Action,$75.61M,"430,625"
Moneyball,133 min,7.6,87,Biography,$75.60M,"35,527"
The Rookie,127 min,6.9,72,Drama,$75.59M,"585,774"
Zombieland,88 min,7.6,73,Action,$75.59M,"235,315"
Old School,88 min,7,54,Comedy,$75.47M,"234,933"
The Hitman's Bodyguard,118 min,6.9,47,Action,$75.40M,"190,319"
The Girl on the Train,112 min,6.5,48,Crime,$75.37M,"88,714"
Garfield,80 min,5,27,Animation,$75.33M,"150,164"
Ray,152 min,7.7,73,Biography,$75.29M,"236,656"
Coraline,100 min,7.7,80,Animation,$75.07M,"132,601"
The Exorcism of Emily Rose,119 min,6.7,46,Drama,$75.03M,"127,626"
Eragon,104 min,5.1,38,Action,$74.54M,"58,309"
Ladder 49,115 min,6.5,47,Action,$74.49M,"149,699"
Four Brothers,109 min,6.8,49,Action,$74.28M,"984,358"
No Country for Old Men,122 min,8.2,92,Crime,$74.26M,"285,841"
Alien: Covenant,122 min,6.4,65,Horror,$74.16M,"86,233"
Jack and Jill,91 min,3.3,23,Comedy,$74.15M,"78,154"
Annabelle Comes Home,106 min,5.9,53,Horror,$74.10M,"774,103"
Sin City,124 min,8,74,Crime,$74.08M,"89,787"
Along Came a Spider,104 min,6.4,42,Drama,$73.92M,"29,542"
Captain Underpants: The First Epic Movie,89 min,6.2,69,Animation,$73.86M,"326,376"
Hugo,126 min,7.5,83,Adventure,$73.78M,"53,001"
Christmas with the Kranks,99 min,5.4,22,Comedy,$73.66M,"124,870"
Monster House,91 min,6.6,68,Animation,$73.34M,"302,426"
Law Abiding Citizen,109 min,7.4,34,Action,$73.29M,"156,629"
Yesterday,116 min,6.8,55,Comedy,$73.28M,"78,458"
Spirit: Stallion of the Cimarron,83 min,7.2,52,Animation,$73.26M,"4,677"
A Madea Family Funeral,109 min,4.6,39,Comedy,$73.21M,"133,311"
Hollow Man,112 min,5.8,24,Action,$73.21M,"8,851"
Boo! A Madea Halloween,103 min,4.6,30,Comedy,$73.12M,"184,152"
Zombieland: Double Tap,99 min,6.7,55,Action,$73.10M,"225,569"
White House Down,131 min,6.3,52,Action,$73.08M,"276,289"
John Carter,132 min,6.6,51,Action,$73.03M,"23,981"
Hotel for Dogs,100 min,5.4,51,Comedy,$73.03M,"108,128"
Game Night,100 min,6.9,66,Action,$73.01M,"76,324"
Justin Bieber: Never Say Never,105 min,1.6,52,Documentary,$72.78M,"32,161"
Barnyard,90 min,5.6,42,Animation,$72.78M,"77,133"
Jackass Number Two,92 min,7,66,Documentary,$72.71M,"108,572"
The Interpreter,128 min,6.4,62,Crime,$72.69M,"158,528"
Hercules,98 min,6,47,Action,$72.68M,"63,826"
Storks,87 min,6.8,56,Animation,$72.31M,"314,977"
Bridge of Spies,142 min,7.6,81,Drama,$72.29M,"24,787"
Dolphin Tale,113 min,6.8,64,Drama,$72.27M,"151,558"
Vantage Point,90 min,6.6,40,Action,$72.11M,"54,174"
A Bad Moms Christmas,104 min,5.6,42,Comedy,$72.09M,"40,933"
This Is It,111 min,7.2,67,Documentary,$72.08M,"334,332"
10 Cloverfield Lane,103 min,7.2,76,Drama,$72.01M,"45,450"
Fred Claus,116 min,5.6,42,Comedy,$71.99M,"278,631"
1408,104 min,6.8,64,Fantasy,$71.96M,"154,984"
The Purge: Anarchy,103 min,6.4,50,Action,$71.76M,"137,029"
John Q,116 min,7.1,30,Crime,$71.73M,"61,172"
RV,99 min,5.6,33,Adventure,$71.63M,"184,081"
Mama,100 min,6.2,57,Fantasy,$71.54M,"248,635"
Bridget Jones's Diary,97 min,6.8,66,Comedy,$71.51M,"194,350"
Chocolat,121 min,7.3,64,Drama,$71.50M,"194,325"
Sideways,127 min,7.5,94,Comedy,$71.44M,"209,460"
"I Love You, Man",105 min,7,70,Comedy,$71.35M,"112,328"
Safe Haven,115 min,6.6,34,Drama,$71.31M,"165,036"
Scary Movie 2,83 min,5.3,29,Comedy,$71.20M,"97,944"
The Spiderwick Chronicles,96 min,6.5,62,Action,$71.07M,"129,860"
The Score,124 min,6.8,71,Action,$71.04M,"38,603"
Paul Blart: Mall Cop 2,94 min,4.4,13,Action,$71.02M,"43,240"
The Smurfs 2,105 min,5.3,34,Animation,$70.84M,"136,484"
Shallow Hal,114 min,6,48,Comedy,$70.83M,"150,022"
White Chicks,109 min,5.7,41,Comedy,$70.66M,"233,916"
No Strings Attached,108 min,6.2,50,Comedy,$70.53M,"16,302"
The Best Man Holiday,123 min,6.6,59,Comedy,$70.51M,"1,129,406"
V for Vendetta,132 min,8.2,62,Action,$70.41M,"232,628"
The Invisible Man,124 min,7.1,72,Drama,$70.33M,"78,180"
Shaft,99 min,6,50,Action,$70.28M,"84,940"
World Trade Center,129 min,6,66,Drama,$70.27M,"219,761"
Rocky Balboa,102 min,7.1,63,Action,$70.26M,"438,697"
The Big Short,130 min,7.8,81,Biography,$70.23M,"81,307"
Fool's Gold,112 min,5.7,29,Action,$70.17M,"44,502"
Big Momma's House 2,99 min,4.8,34,Comedy,$70.11M,"191,136"
The Golden Compass,113 min,6.1,51,Adventure,$70.10M,"1,125,219"
Kill Bill: Vol. 1,111 min,8.2,69,Action,$70.01M,"69,974"
Act of Valor,110 min,6.4,40,Action,$69.95M,"306,166"
Seven Pounds,123 min,7.6,36,Drama,$69.77M,"189,952"
Swordfish,99 min,6.5,32,Action,$69.69M,"42,897"
The Kid,104 min,6.1,45,Comedy,$69.60M,"20,220"
Divine Secrets of the Ya-Ya Sisterhood,116 min,6,48,Drama,$69.49M,"65,519"
The First Purge,97 min,5.2,54,Action,$69.24M,"62,796"
Vertical Limit,124 min,5.9,48,Action,$69.18M,"239,525"
Lara Croft Tomb Raider: The Cradle of Life,117 min,5.5,43,Action,$69.06M,"75,822"
Good Boys,90 min,6.7, ,Adventure,$69.03M,"100,718"
Angel Has Fallen,121 min,6.4,45,Action,$68.92M,"43,800"
Guess Who,105 min,5.9,49,Comedy,$68.67M,"99,620"
Sahara,124 min,6,41,Action,$68.57M,"28,917"
Book Club,104 min,6.1,53,Comedy,$68.56M,"120,215"
Percy Jackson: Sea of Monsters,106 min,5.7,39,Adventure,$68.55M,"52,819"
The House with a Clock in Its Walls,105 min,6,57,Comedy,$68.54M,"171,899"
Road Trip,93 min,6.5,55,Comedy,$68.42M,"125,003"
Skyscraper,102 min,5.8,51,Action,$68.38M,"98,757"
Bring It On,98 min,6.1,52,Comedy,$68.32M,367
National Theatre Live: The Curious Incident of the Dog in the Night-Time,160 min,8.6, ,Drama,$68.26M,"32,781"
Obsessed,108 min,5,25,Drama,$68.22M,"99,883"
Mr. Popper's Penguins,94 min,6,53,Comedy,$67.79M,"15,277"
War Room,120 min,6.4,26,Drama,$67.75M,"62,421"
Insidious: The Last Key,103 min,5.7,49,Horror,$67.63M,"246,590"
The Tourist,103 min,6,37,Action,$67.54M,"144,232"
This Is 40,134 min,6.2,59,Comedy,$67.41M,"92,005"
Holes,117 min,7,71,Adventure,$67.36M,"109,955"
Instant Family,118 min,7.3,57,Comedy,$67.36M,"299,463"
Insomnia,118 min,7.2,78,Drama,$67.35M,"209,620"
A Good Day to Die Hard,98 min,5.2,28,Action,$67.29M,"233,887"
Role Models,99 min,6.8,61,Comedy,$67.29M,"83,306"
Hidalgo,136 min,6.7,54,Action,$67.27M,"132,813"
Lights Out,81 min,6.3,58,Horror,$67.26M,"154,667"
Coach Carter,136 min,7.3,57,Biography,$67.21M,"535,703"
Hacksaw Ridge,139 min,8.1,71,Biography,$67.17M,"60,853"
Race to Witch Mountain,98 min,5.7,52,Action,$67.06M,"129,767"
The Bounty Hunter,110 min,5.5,22,Action,$66.96M,"38,206"
102 Dalmatians,100 min,4.8,35,Adventure,$66.95M,"44,989"
"Alexander and the Terrible, Horrible, No Good, Very Bad Day",81 min,6.2,54,Comedy,$66.93M,"32,362"
Kangaroo Jack,89 min,4.5,16,Action,$66.82M,"72,667"
Changing Lanes,98 min,6.5,69,Drama,$66.81M,"109,868"
The Mexican,123 min,6.1,43,Adventure,$66.76M,"51,132"
Spies in Disguise,102 min,6.8,54,Animation,$66.66M,"120,025"
Charlie Wilson's War,102 min,7,67,Biography,$66.64M,"66,877"
The Forgotten,91 min,5.8,43,Drama,$66.53M,"124,021"
Contraband,109 min,6.4,51,Action,$66.49M,"582,059"
Looper,119 min,7.4,84,Action,$66.48M,"108,655"
The Final Destination,82 min,5.1,30,Horror,$66.47M,"178,386"
The League of Extraordinary Gentlemen,110 min,5.8,30,Action,$66.40M,"87,140"
Finding Forrester,136 min,7.3,62,Drama,$66.38M,"234,438"
Warm Bodies,98 min,6.8,60,Comedy,$66.26M,"444,834"
Big Fish,125 min,8,58,Adventure,$66.21M,"764,243"
Kill Bill: Vol. 2,137 min,8,83,Action,$66.18M,"125,318"
Allegiant,120 min,5.7,33,Action,$66.02M,"48,829"
Herbie Fully Loaded,101 min,4.9,47,Adventure,$66.01M,"57,791"
Magic Mike XXL,115 min,5.6,60,Comedy,$65.96M,"112,412"
The Manchurian Candidate,129 min,6.6,76,Drama,$65.85M,"190,970"
X-Men: Dark Phoenix,113 min,5.7,43,Action,$65.66M,"140,383"
London Has Fallen,99 min,5.9,28,Action,$65.65M,"11,052"
Madea's Witness Protection,114 min,4.9,42,Comedy,$65.45M,"200,175"
The Taking of Pelham 123,106 min,6.4,55,Action,$65.42M,"250,484"
Battleship,131 min,5.8,41,Action,$65.33M,"121,118"
Step Up,104 min,6.5,48,Crime,$65.28M,"12,065"
Hannah Montana and Miley Cyrus: Best of Both Worlds Concert,74 min,2.5,59,Documentary,$65.23M,"113,699"
The Amityville Horror,90 min,5.9,33,Horror,$65.21M,"138,326"
The Visit,94 min,6.2,55,Horror,$65.19M,"141,334"
Jack the Giant Slayer,114 min,6.2,51,Action,$65.18M,"21,781"
Think Like a Man Too,106 min,5.7,38,Comedy,$65.11M,"15,345"
Barbershop 2: Back in Business,106 min,5.7,59,Comedy,$65.08M,"296,649"
Now You See Me 2,129 min,6.4,46,Action,$65.02M,"129,889"
About Schmidt,125 min,7.2,85,Drama,$65.01M,"170,930"
Exodus: Gods and Kings,150 min,6,52,Action,$65.00M,"110,391"
Friday the 13th,97 min,5.5,34,Horror,$65.00M,"310,925"
Pitch Perfect,112 min,7.1,66,Comedy,$64.96M,"55,615"
Stuart Little 2,77 min,5.5,66,Animation,$64.94M,"88,783"
Mirror Mirror,106 min,5.6,46,Adventure,$64.67M,"129,553"
Flushed Away,85 min,6.6,74,Animation,$64.58M,"254,577"
Chronicle,84 min,7,69,Action,$64.51M,"74,286"
A Dog's Purpose,100 min,7.2,43,Adventure,$64.51M,"209,848"
The Happening,91 min,5,34,Adventure,$64.47M,"227,656"
The Purge,85 min,5.7,41,Horror,$64.46M,"77,175"
The Wedding Ringer,101 min,6.6,35,Comedy,$64.38M,"55,810"
Miracle,135 min,7.4,68,Biography,$64.26M,"97,258"
Jackass: The Movie,85 min,6.6,42,Documentary,$64.25M,"29,103"
The Nut Job,85 min,5.7,37,Animation,$64.19M,"24,199"
Down to Earth,87 min,5.4,32,Comedy,$64.17M,"205,310"
17 Again,102 min,6.4,48,Comedy,$64.06M,"68,875"
Ice Age: Collision Course,94 min,5.6,34,Animation,$64.04M,"314,978"
Deja Vu,126 min,7.1,59,Action,$64.01M,"45,753"
Happy Feet Two,100 min,5.8,50,Animation,$64.00M,"52,755"
Diary of a Wimpy Kid,94 min,6.2,56,Comedy,$63.95M,"89,207"
Sky High,100 min,6.3,62,Action,$63.91M,"133,788"
Last Vegas,105 min,6.6,48,Comedy,$63.86M,"84,893"
Mona Lisa Smile,117 min,6.5,45,Drama,$63.86M,"425,867"
The Shape of Water,123 min,7.3,87,Drama,$63.69M,"263,773"
Unknown,113 min,6.8,56,Action,$63.54M,"43,118"
Hope Springs,100 min,6.3,65,Comedy,$63.45M,"118,989"
Miami Vice,132 min,6,66,Action,$63.41M,"153,043"
The Time Traveler's Wife,107 min,7.1,47,Comedy,$63.32M,"11,632"
Madea's Family Reunion,107 min,5.2,45,Comedy,$63.30M,"153,380"
Saw IV,93 min,5.9,36,Crime,$63.29M,"47,073"
The Boss,99 min,5.4,40,Comedy,$63.22M,"298,064"
The Holiday,136 min,6.9,52,Comedy,$63.17M,"289,118"
Forgetting Sarah Marshall,111 min,7.1,67,Comedy,$63.15M,"164,422"
The Sorcerer's Apprentice,109 min,6.1,46,Action,$63.08M,"102,725"
A Nightmare on Elm Street,95 min,5.2,35,Crime,$62.95M,"89,160"
The Last Song,107 min,6,33,Drama,$62.74M,"78,781"
Scary Stories to Tell in the Dark,108 min,6.2,61,Adventure,$62.68M,"161,619"
Son of God,138 min,5.7,37,Biography,$62.66M,"193,388"
Jarhead,125 min,7,58,Biography,$62.58M,"183,978"
Black Mass,123 min,6.9,68,Biography,$62.51M,"276,780"
The Fast and the Furious: Tokyo Drift,104 min,6,45,Action,$62.50M,"260,715"
The Adjustment Bureau,106 min,7,60,Romance,$62.34M,"51,209"
The Call of the Wild,100 min,6.7,48,Adventure,$62.32M,"156,516"
Underworld: Awakening,88 min,6.3,39,Action,$62.32M,"202,797"
Underworld: Evolution,106 min,6.7,36,Action,$62.25M,"181,359"
Terminator: Dark Fate,128 min,6.2,54,Action,$62.25M,"73,354"
Bewitched,102 min,4.8,34,Comedy,$61.98M,"108,186"
The Wolfman,103 min,5.8,43,Drama,$61.74M,"243,923"
Ender's Game,114 min,6.6,51,Action,$61.71M,"26,414"
Miracles from Heaven,109 min,7.1,44,Biography,$61.70M,"82,448"
A Beautiful Day in the Neighborhood,109 min,7.2,80,Biography,$61.65M,"190,285"
Cinderella Man,144 min,8,69,Biography,$61.56M,"153,340"
Onward,102 min,7.4,61,Animation,$61.43M,"172,122"
Deepwater Horizon,107 min,7.1,68,Action,$61.36M,"25,949"
Stomp the Yard,115 min,5.4,44,Drama,$61.34M,"48,665"
Rules of Engagement,128 min,6.4,45,Drama,$61.33M,"104,452"
The Cell,107 min,6.4,40,Crime,$61.26M,"64,308"
Friday Night Lights,118 min,7.2,70,Action,$61.12M,"19,516"
The Shaggy Dog,98 min,4.4,43,Comedy,$61.00M,"728,277"
Prisoners,153 min,8.1,70,Crime,$60.97M,"180,639"
Get Him to the Greek,109 min,6.3,65,Comedy,$60.88M,"74,356"
Mission to Mars,114 min,5.6,34,Adventure,$60.79M,"116,884"
Coyote Ugly,100 min,5.7,27,Comedy,$60.76M,"43,398"
God's Not Dead,113 min,4.6,16,Adventure,$60.72M,"39,829"
Abominable,97 min,7,61,Animation,$60.67M,"106,588"
Poseidon,98 min,5.7,50,Action,$60.52M,"203,375"
After Earth,100 min,4.8,33,Action,$60.49M,"45,944"
Baby Mama,99 min,6,55,Comedy,$60.48M,"31,825"
Dora and the Lost City of Gold,102 min,6.1,63,Action,$60.48M,"108,268"
Shanghai Knights,114 min,6.2,58,Action,$60.46M,"110,248"
The Lucky One,101 min,6.4,39,Drama,$60.40M,"82,624"
The Wedding Planner,103 min,5.3,33,Comedy,$60.36M,"337,479"
Burn After Reading,96 min,7,63,Comedy,$60.32M,"116,410"
Why Him?,111 min,6.2,39,Comedy,$60.31M,"81,073"
Blockers,102 min,6.2,69,Comedy,$60.13M,"173,815"
Resident Evil: Afterlife,96 min,5.8,37,Action,$60.10M,"9,933"
Why Did I Get Married Too?,121 min,4.7,43,Comedy,$60.06M,"70,390"
The Family Stone,103 min,6.3,56,Comedy,$60.06M,"148,112"
Bad Santa,92 min,7.1,70,Comedy,$60.05M,"150,346"
Brüno,81 min,5.9,54,Comedy,$60.02M,"47,514"
Tooth Fairy,101 min,5,36,Comedy,$60.02M,"13,123"
Snow Day,89 min,5.1,34,Adventure,$59.95M,"104,793"
The Good Shepherd,167 min,6.7,61,Drama,$59.89M,"488,253"
Little Miss Sunshine,101 min,7.8,80,Comedy,$59.87M,"119,671"
Pacific Rim: Uprising,111 min,5.6,44,Action,$59.84M,"52,160"
The Benchwarmers,85 min,5.5,25,Comedy,$59.71M,"29,158"
Secretariat,123 min,7.2,61,Biography,$59.70M,"19,183"
